CI_Global_Impact,CI_Indicator,HN_Project,HN_Indicator,Reach_ppl,Type1,Type2,Type3,Type4
20 millones de personas afectadas por crisis humanitaria reciben asistencia de calidad para salvar vidas.,22. # y % de iniciativas humanitarias de CARE que cumplen con los requerimientos del marcador de genero.  ,Nd,Nd,2000,HUMANI,CIND22,ND#22,HNIND1
20 millones de personas afectadas por crisis humanitaria reciben asistencia de calidad para salvar vidas.,4. # y % de personas afectadas por desastres/crisis apoyadas por CARE,Nd,Nd,2000,HUMANI,CIND4,ND#4,HNIND2
20 millones de personas afectadas por crisis humanitaria reciben asistencia de calidad para salvar vidas.,"5. % de la población afectada por desastres/crisis en áreas de respuesta humanitaria de CARE quienes reportan satisfacción con  la respuesta en términos de relevancia, llegada en el momento oportuno (""timeliness"") y la rendición de cuentas (""accountability"") de las intervenciones humanitarias",Nd,Nd,2000,HUMANI,CIND5,ND#5,HNIND3
30 millones de mujeres tienen mayor acceso y control sobre los recursos económicos.,(Trabajo Digno 1.1) % de incremento de la población que conoce los derechos de las mujeres trabajadoras del hogar en Honduras.,TD,# de campaña de sensibilización en los territorios donde actualmente interviene CARE con mensajes sobre derechos laborales de las mujeres es implementada.,1500,WEE,TD1,TD#1,HNIND4
30 millones de mujeres tienen mayor acceso y control sobre los recursos económicos.,(Trabajo Digno 1.1) % de incremento de la población que conoce los derechos de las mujeres trabajadoras del hogar en Honduras.,TD,# de autoridades municipales son capaces de enlistar dos derechos de las trabajadoras del hogar,30,WEE,TD1,TD#1,HNIND5
30 millones de mujeres tienen mayor acceso y control sobre los recursos económicos.,(Trabajo Digno 1.1) % de incremento de la población que conoce los derechos de las mujeres trabajadoras del hogar en Honduras.,TD,# de pobladores de las áreas de intervención de CARE son capaces de identificar al menos un aspecto clave descrito en la propuesta de  la Ley de Trabajo Doméstico presentada al Congreso Nacional.,1500,WEE,TD1,TD#1,HNIND6
30 millones de mujeres tienen mayor acceso y control sobre los recursos económicos.,"(Trabajo Digno 3.1) # de mujeres que participan en el proceso formativo, con capacidades desarrolladas para analizar y dar respuesta a la situación de las trabajadoras del hogar, e incidir en las políticas publicas nacionales y regionales a favor de sus derechos.",TD,# red de trabajadoras domésticas implementando plan de incidencia politica con sus miembros.,200,WEE,TD3,TD#3,HNIND7
30 millones de mujeres tienen mayor acceso y control sobre los recursos económicos.,"(Trabajo Digno 3.1) # de mujeres que participan en el proceso formativo, con capacidades desarrolladas para analizar y dar respuesta a la situación de las trabajadoras del hogar, e incidir en las políticas publicas nacionales y regionales a favor de sus derechos.",TD,# de mujeres que integran la red y participan en espacios publicos de dialogo.,200,WEE,TD3,TD#3,HNIND8
30 millones de mujeres tienen mayor acceso y control sobre los recursos económicos.,16. # y % de mujeres que utilizan activamente a servicios financieros (desagregado por servicios informales y formales) (relacionado con indicador 8.10.2 de los to SDGs),PL,"# grupos comunitarios recibiendo asistencia tecnica en aspectos del sector social de la economia,desarrollo empresarial rural y produccion agricola sostenible a traves de las Escuelas de campo(ECA's). Aporta al inidcador 16",6466,WEE,CIND16,PL#16,HNIND9
30 millones de mujeres tienen mayor acceso y control sobre los recursos económicos.,16. # y % de mujeres que utilizan activamente a servicios financieros (desagregado por servicios informales y formales) (relacionado con indicador 8.10.2 de los to SDGs),PL,"# % de mujeres participando y decidiendo sobre los ingresos, rubros a establecer( huertos o parcelas) y nuevos emprendimientos. ",4260,WEE,CIND16,PL#16,HNIND10
30 millones de mujeres tienen mayor acceso y control sobre los recursos económicos.,16. # y % de mujeres que utilizan activamente a servicios financieros (desagregado por servicios informales y formales) (relacionado con indicador 8.10.2 de los to SDGs),PL,% de mujeres participando en las organizaciones de servicios financieros comunitarios.,4260,WEE,CIND16,PL#16,HNIND11
30 millones de mujeres tienen mayor acceso y control sobre los recursos económicos.,16. # y % de mujeres que utilizan activamente a servicios financieros (desagregado por servicios informales y formales) (relacionado con indicador 8.10.2 de los to SDGs),PNF," # de nuevas microempresas son creadas, contribuyendo a los efectos (outcomes) de FNS&CR ",368,WEE,CIND16,PNF#16,HNIND12
30 millones de mujeres tienen mayor acceso y control sobre los recursos económicos.,16. # y % de mujeres que utilizan activamente a servicios financieros (desagregado por servicios informales y formales) (relacionado con indicador 8.10.2 de los to SDGs),PNF, 2.1.1 Mayor incremento del uso de servicios financieros formales e informales,1236,WEE,CIND16,PNF#16,HNIND13
30 millones de mujeres tienen mayor acceso y control sobre los recursos económicos.,16. # y % de mujeres que utilizan activamente a servicios financieros (desagregado por servicios informales y formales) (relacionado con indicador 8.10.2 de los to SDGs),PNF, % de hogares con tres o mas diferentes fuentes de ingresos ,100,WEE,CIND16,PNF#16,HNIND14
30 millones de mujeres tienen mayor acceso y control sobre los recursos económicos.,16. # y % de mujeres que utilizan activamente a servicios financieros (desagregado por servicios informales y formales) (relacionado con indicador 8.10.2 de los to SDGs),PNF,% del grupo de impacto que son usuarios activos de servicios financieros (relacionados al indicador SDG 8.10.2) ,370,WEE,CIND16,PNF#16,HNIND15
30 millones de mujeres tienen mayor acceso y control sobre los recursos económicos.,16. # y % de mujeres que utilizan activamente a servicios financieros (desagregado por servicios informales y formales) (relacionado con indicador 8.10.2 de los to SDGs),PNF,% de hogares con ahorros ,370,WEE,CIND16,PNF#16,HNIND16
30 millones de mujeres tienen mayor acceso y control sobre los recursos económicos.,16. # y % de mujeres que utilizan activamente a servicios financieros (desagregado por servicios informales y formales) (relacionado con indicador 8.10.2 de los to SDGs),PNF,% de ingresos invertidos en las empresas en los últimos 12 meses,370,WEE,CIND16,PNF#16,HNIND17
30 millones de mujeres tienen mayor acceso y control sobre los recursos económicos.,16. # y % de mujeres que utilizan activamente a servicios financieros (desagregado por servicios informales y formales) (relacionado con indicador 8.10.2 de los to SDGs),PNF, % de la población de impacto recibiendo servicios de desarrollo empresarial durante los últimos 12 meses ,684,WEE,CIND16,PNF#16,HNIND18
30 millones de mujeres tienen mayor acceso y control sobre los recursos económicos.,16. # y % de mujeres que utilizan activamente a servicios financieros (desagregado por servicios informales y formales) (relacionado con indicador 8.10.2 de los to SDGs),PROLEMPA,"1223.2  # de empresas colectivas y/o individuales que acceden a por lo menos un mecanismo de garantía de préstamos y/o de fondo revolvente (desagregado por género, edad, indígena o no, categoría de fondo, monto y sitio)",1500,WEE,CIND16,PROLEMPA#16,HNIND19
30 millones de mujeres tienen mayor acceso y control sobre los recursos económicos.,17. % de mujeres quienes reportan que pueden participar de manera equitativa en la toma de decisiones financieras en su hogar,PDR,Mujeres que trabajan en el sector rural han sido apoyadas con capital semilla.,3525,WEE,CIND17,PDR#17,HNIND20
30 millones de mujeres tienen mayor acceso y control sobre los recursos económicos.,17. % de mujeres quienes reportan que pueden participar de manera equitativa en la toma de decisiones financieras en su hogar,PNF,% de mujeres que (informan) pueden participar igualmente en la toma de decisiones financieras del hogar,684,WEE,CIND17,PNF#17,HNIND21
30 millones de mujeres tienen mayor acceso y control sobre los recursos económicos.,17. % de mujeres quienes reportan que pueden participar de manera equitativa en la toma de decisiones financieras en su hogar,PROLEMPA,"1111.1 # de mujeres, hombres, hombres y mujeres jóvenes y mujeres y hombres indígenas capacitadas en liderazgo, toma de decisiones, igualdad de género y violencia de género, derechos reproductivos y económicos.",11639,WEE,CIND17,PROLEMPA#17,HNIND22
30 millones de mujeres tienen mayor acceso y control sobre los recursos económicos.,"18. # y % de mujeres con membresía de un sindicato, grupo de mujeres, o cooperativa, a través de lo cual pueden dar voz a sus derechos laborales",PNF,"# y % de personas de ambos géneros que han participado significativamente en espacios de toma de decisiones, formales e informales",1236,WEE,CIND18,PNF#18,HNIND23
30 millones de mujeres tienen mayor acceso y control sobre los recursos económicos.,"18. # y % de mujeres con membresía de un sindicato, grupo de mujeres, o cooperativa, a través de lo cual pueden dar voz a sus derechos laborales",PNF, Incremento en la membresía de las asociaciones de productores y de micro-empresarios.,1236,WEE,CIND18,PNF#18,HNIND24
50 millones de personas pobres y vulnerables incrementan su seguridad alimentaria y nutricional y su resiliencia ante el cambio climático.,"13. %  de la población con inseguridad alimentaria moderada o severa, en base a la Escala de Experiencia de Inseguridad Alimentaria (FIES) (indicador 2.1.2 de los SDGs)",ACS,Incremento al Rendimiento promedio alcanzado en granos básicos por los beneficiarios del Componente 1 (Línea Base + 20%),3000,FNS,CIND13,ACS#13,HNIND25
50 millones de personas pobres y vulnerables incrementan su seguridad alimentaria y nutricional y su resiliencia ante el cambio climático.,"13. %  de la población con inseguridad alimentaria moderada o severa, en base a la Escala de Experiencia de Inseguridad Alimentaria (FIES) (indicador 2.1.2 de los SDGs)",ACS,Incremento promedio en el valor de las ventas anuales de los hogares participantes (Línea Base + US$ 900),7000,FNS,CIND13,ACS#13,HNIND26
50 millones de personas pobres y vulnerables incrementan su seguridad alimentaria y nutricional y su resiliencia ante el cambio climático.,"13. %  de la población con inseguridad alimentaria moderada o severa, en base a la Escala de Experiencia de Inseguridad Alimentaria (FIES) (indicador 2.1.2 de los SDGs)",ACS,Puntuación de la diversidad de la dieta en los hogares participantes del Componente 2 (60% tienen un promedio de al menos 4 y 25% tienen un promedio de al menos 5),8000,FNS,CIND13,ACS#13,HNIND27
50 millones de personas pobres y vulnerables incrementan su seguridad alimentaria y nutricional y su resiliencia ante el cambio climático.,"13. %  de la población con inseguridad alimentaria moderada o severa, en base a la Escala de Experiencia de Inseguridad Alimentaria (FIES) (indicador 2.1.2 de los SDGs)",PL,% de hogares atendidos  han incrementado la disponibilidad de alimentos.,39765,FNS,CIND13,PL#13,HNIND28
50 millones de personas pobres y vulnerables incrementan su seguridad alimentaria y nutricional y su resiliencia ante el cambio climático.,"13. %  de la población con inseguridad alimentaria moderada o severa, en base a la Escala de Experiencia de Inseguridad Alimentaria (FIES) (indicador 2.1.2 de los SDGs)",PL,# Productores y productoras producen en sus huertos familiares utilizando sistemas de cosecha de aguas lluvia y microriego complementario en periodos de sequia.,6300,FNS,CIND13,PL#13,HNIND29
50 millones de personas pobres y vulnerables incrementan su seguridad alimentaria y nutricional y su resiliencia ante el cambio climático.,"13. %  de la población con inseguridad alimentaria moderada o severa, en base a la Escala de Experiencia de Inseguridad Alimentaria (FIES) (indicador 2.1.2 de los SDGs)",PNF,"Prevalencia de población con inseguridad alimentaria moderada o severa, con base a la Escala de Experiencia en Inseguridad Alimentaria (FIES) ",1236,FNS,CIND13,PNF#13,HNIND30
50 millones de personas pobres y vulnerables incrementan su seguridad alimentaria y nutricional y su resiliencia ante el cambio climático.,"13. %  de la población con inseguridad alimentaria moderada o severa, en base a la Escala de Experiencia de Inseguridad Alimentaria (FIES) (indicador 2.1.2 de los SDGs)",PNF,"% de la población de impacto que demuestran buenas prácticas de agua, saneamiento e higiene ",1236,FNS,CIND13,PNF#13,HNIND31
50 millones de personas pobres y vulnerables incrementan su seguridad alimentaria y nutricional y su resiliencia ante el cambio climático.,"13. %  de la población con inseguridad alimentaria moderada o severa, en base a la Escala de Experiencia de Inseguridad Alimentaria (FIES) (indicador 2.1.2 de los SDGs)",PNF,"% de población de impacto que tiene conocimiento y comprende datos específicos sobre el agua, el saneamiento y la higiene ",1236,FNS,CIND13,PNF#13,HNIND32
50 millones de personas pobres y vulnerables incrementan su seguridad alimentaria y nutricional y su resiliencia ante el cambio climático.,"13. %  de la población con inseguridad alimentaria moderada o severa, en base a la Escala de Experiencia de Inseguridad Alimentaria (FIES) (indicador 2.1.2 de los SDGs)",PNF, % de agricultores accesando insumos apropiados durante los últimos 12 meses ,772,FNS,CIND13,PNF#13,HNIND33
50 millones de personas pobres y vulnerables incrementan su seguridad alimentaria y nutricional y su resiliencia ante el cambio climático.,"13. %  de la población con inseguridad alimentaria moderada o severa, en base a la Escala de Experiencia de Inseguridad Alimentaria (FIES) (indicador 2.1.2 de los SDGs)",PNF,Meses de Aprovisionamiento Adecuado de Comida al Hogar (MAHFP por sus siglas en ingles) ,1236,FNS,CIND13,PNF#13,HNIND34
50 millones de personas pobres y vulnerables incrementan su seguridad alimentaria y nutricional y su resiliencia ante el cambio climático.,"13. %  de la población con inseguridad alimentaria moderada o severa, en base a la Escala de Experiencia de Inseguridad Alimentaria (FIES) (indicador 2.1.2 de los SDGs)",PNF,"% de población de impacto que conoce los hechos relacionados a la nutrición y estilos de vida saludables, en relación a una dieta balanceada. ",1236,FNS,CIND13,PNF#13,HNIND35
50 millones de personas pobres y vulnerables incrementan su seguridad alimentaria y nutricional y su resiliencia ante el cambio climático.,"13. %  de la población con inseguridad alimentaria moderada o severa, en base a la Escala de Experiencia de Inseguridad Alimentaria (FIES) (indicador 2.1.2 de los SDGs)",PNF,"% de mujeres en edad reproductiva que consumen una diversidad dietética mínima (Diversidad Alimentaria Mínima para las Mujeres), puntaje promedio de diversidad dietética de los hogares y puntaje de diversidad dietética de los niños",410,FNS,CIND13,PNF#13,HNIND36
50 millones de personas pobres y vulnerables incrementan su seguridad alimentaria y nutricional y su resiliencia ante el cambio climático.,"13. %  de la población con inseguridad alimentaria moderada o severa, en base a la Escala de Experiencia de Inseguridad Alimentaria (FIES) (indicador 2.1.2 de los SDGs)",PNF,%  de la población de impacto que ha comido frutas y verduras más veces por día durante los últimos 30 días. ,1236,FNS,CIND13,PNF#13,HNIND37
50 millones de personas pobres y vulnerables incrementan su seguridad alimentaria y nutricional y su resiliencia ante el cambio climático.,"13. %  de la población con inseguridad alimentaria moderada o severa, en base a la Escala de Experiencia de Inseguridad Alimentaria (FIES) (indicador 2.1.2 de los SDGs)",PNF,"%  de hogares accesando alimentos objetivo, ricos en micro nutrientes ",100,FNS,CIND13,PNF#13,HNIND38
50 millones de personas pobres y vulnerables incrementan su seguridad alimentaria y nutricional y su resiliencia ante el cambio climático.,"13. %  de la población con inseguridad alimentaria moderada o severa, en base a la Escala de Experiencia de Inseguridad Alimentaria (FIES) (indicador 2.1.2 de los SDGs)",PNF, % de cambio en la producción por unidad de tierra ,126,FNS,CIND13,PNF#13,HNIND39
50 millones de personas pobres y vulnerables incrementan su seguridad alimentaria y nutricional y su resiliencia ante el cambio climático.,"13. %  de la población con inseguridad alimentaria moderada o severa, en base a la Escala de Experiencia de Inseguridad Alimentaria (FIES) (indicador 2.1.2 de los SDGs)",PNF,Indicador:  % de ingresos invertidos en las empresas en los últimos 12 meses,319,FNS,CIND13,PNF#13,HNIND40
50 millones de personas pobres y vulnerables incrementan su seguridad alimentaria y nutricional y su resiliencia ante el cambio climático.,"13. %  de la población con inseguridad alimentaria moderada o severa, en base a la Escala de Experiencia de Inseguridad Alimentaria (FIES) (indicador 2.1.2 de los SDGs)",PNF,Indicador: Promedio ingresos por venta en los últimos 12 meses ,319,FNS,CIND13,PNF#13,HNIND41
50 millones de personas pobres y vulnerables incrementan su seguridad alimentaria y nutricional y su resiliencia ante el cambio climático.,14. % de desnutrición crónica (retraso en crecimiento) entre niñas y niños debajo de 5 años de edad (indicador 2.2.1 de los SDGs),ACS,Número de niños y niñas menores de dos años atendidos por el programa de monitoreo de crecimiento,1500,FNS,CIND14,ACS#14,HNIND42
50 millones de personas pobres y vulnerables incrementan su seguridad alimentaria y nutricional y su resiliencia ante el cambio climático.,14. % de desnutrición crónica (retraso en crecimiento) entre niñas y niños debajo de 5 años de edad (indicador 2.2.1 de los SDGs),HGSA,1. Impacto:Mantener el valor referencial de 43% en Desnutricion Cronica(Talla /Edad)de los niños menores de 2 años con referencia al valor encontrado en la Evaluacion HOGASA 2016 _____,9569,FNS,CIND14,HGSA#14,HNIND43
50 millones de personas pobres y vulnerables incrementan su seguridad alimentaria y nutricional y su resiliencia ante el cambio climático.,14. % de desnutrición crónica (retraso en crecimiento) entre niñas y niños debajo de 5 años de edad (indicador 2.2.1 de los SDGs),PL,# % de Niños Menores de 2 Años en Control de Crecimiento y desarrollo de acuerdos a las Normas de la SS,1585,FNS,CIND14,PL#14,HNIND44
50 millones de personas pobres y vulnerables incrementan su seguridad alimentaria y nutricional y su resiliencia ante el cambio climático.,14. % de desnutrición crónica (retraso en crecimiento) entre niñas y niños debajo de 5 años de edad (indicador 2.2.1 de los SDGs),PL,# Niños y Niñas informadas en temas de higiene y saneamiento basico con Metodologia ESCASAL,1755,FNS,CIND14,PL#14,HNIND45
50 millones de personas pobres y vulnerables incrementan su seguridad alimentaria y nutricional y su resiliencia ante el cambio climático.,14. % de desnutrición crónica (retraso en crecimiento) entre niñas y niños debajo de 5 años de edad (indicador 2.2.1 de los SDGs),PNF,"%  de hogares accesando alimentos objetivo, ricos en micro nutrientes ",100,FNS,CIND14,PNF#14,HNIND46
50 millones de personas pobres y vulnerables incrementan su seguridad alimentaria y nutricional y su resiliencia ante el cambio climático.,15. # de personas con mayor capacidad para construir resiliencia a los efectos de cambio climático y la variabilidad ,ACS,Hogares beneficiados directamente del proyecto (6000 hogares),24000,FNS,CIND15,ACS#15,HNIND47
50 millones de personas pobres y vulnerables incrementan su seguridad alimentaria y nutricional y su resiliencia ante el cambio climático.,15. # de personas con mayor capacidad para construir resiliencia a los efectos de cambio climático y la variabilidad ,ACS,"Número de días cliente de entrenamiento componente 1 (15,000 clientes dias)",15000,FNS,CIND15,ACS#15,HNIND48
50 millones de personas pobres y vulnerables incrementan su seguridad alimentaria y nutricional y su resiliencia ante el cambio climático.,15. # de personas con mayor capacidad para construir resiliencia a los efectos de cambio climático y la variabilidad ,ACS,"Número de días cliente de entrenamiento componente 2 (6,500 clientes dias)",6500,FNS,CIND15,ACS#15,HNIND49
50 millones de personas pobres y vulnerables incrementan su seguridad alimentaria y nutricional y su resiliencia ante el cambio climático.,15. # de personas con mayor capacidad para construir resiliencia a los efectos de cambio climático y la variabilidad ,ACS,Número de hogares con inversión en higiene,8000,FNS,CIND15,ACS#15,HNIND50
50 millones de personas pobres y vulnerables incrementan su seguridad alimentaria y nutricional y su resiliencia ante el cambio climático.,15. # de personas con mayor capacidad para construir resiliencia a los efectos de cambio climático y la variabilidad ,ACS,Número de comunidades que se benefician de un sub-proyecto de nutrición comunitaria implementado bajo planes de nutrición comunitaria ,1875,FNS,CIND15,ACS#15,HNIND51
50 millones de personas pobres y vulnerables incrementan su seguridad alimentaria y nutricional y su resiliencia ante el cambio climático.,15. # de personas con mayor capacidad para construir resiliencia a los efectos de cambio climático y la variabilidad ,DPCO,"3. 4 CODEM Y 20 CODELES ejerciendo sus competencias de forma eficaz y coordinadas con los niveles departamental y nacional del SINAGER, al final del proyecto",649,FNS,CIND15,DPCO#15,HNIND52
50 millones de personas pobres y vulnerables incrementan su seguridad alimentaria y nutricional y su resiliencia ante el cambio climático.,15. # de personas con mayor capacidad para construir resiliencia a los efectos de cambio climático y la variabilidad ,DPCO,"4. Al menos el 80 % de la población meta ha mejorado sus actitudes y comportamiento para enfrentar los efectos de la sequía, al final del proyecto.",862,FNS,CIND15,DPCO#15,HNIND53
50 millones de personas pobres y vulnerables incrementan su seguridad alimentaria y nutricional y su resiliencia ante el cambio climático.,15. # de personas con mayor capacidad para construir resiliencia a los efectos de cambio climático y la variabilidad ,DPCO,"1. Las estructuras del SINAGER fortalecidas, han implementado al menos 5 herramientas del SAT-sequía- SAN a nivel local, municipal y nacional, con enfoque de género al final del V trimestre.",946,FNS,CIND15,DPCO#15,HNIND54
50 millones de personas pobres y vulnerables incrementan su seguridad alimentaria y nutricional y su resiliencia ante el cambio climático.,15. # de personas con mayor capacidad para construir resiliencia a los efectos de cambio climático y la variabilidad ,PL,"# grupos comunitarios recibiendo asistencia tecnica en aspectos del sector social de la economia,desarrollo empresarial rural y produccion agricola sostenible a traves de las Escuelas de campo(ECA's). Aporta al inidcador 16",1200,FNS,CIND15,PL#15,HNIND55
50 millones de personas pobres y vulnerables incrementan su seguridad alimentaria y nutricional y su resiliencia ante el cambio climático.,15. # de personas con mayor capacidad para construir resiliencia a los efectos de cambio climático y la variabilidad ,PL,# productoras y productores promotores han sido formados en las ECA's para apoyar con asistencia tecnica complementaria a productor@s en sus comunidades.,1104,FNS,CIND15,PL#15,HNIND56
50 millones de personas pobres y vulnerables incrementan su seguridad alimentaria y nutricional y su resiliencia ante el cambio climático.,15. # de personas con mayor capacidad para construir resiliencia a los efectos de cambio climático y la variabilidad ,PL,# Productores y productoras producen en sus huertos familiares utilizando sistemas de cosecha de aguas lluvia y microriego complementario en periodos de sequia. Aporta tambien al indicador 21,1248,FNS,CIND15,PL#15,HNIND57
50 millones de personas pobres y vulnerables incrementan su seguridad alimentaria y nutricional y su resiliencia ante el cambio climático.,15. # de personas con mayor capacidad para construir resiliencia a los efectos de cambio climático y la variabilidad ,PNF, # de personas con mayor habilidad para construir resiliencia a los efectos del cambio climático.,119,FNS,CIND15,PNF#15,HNIND58
50 millones de personas pobres y vulnerables incrementan su seguridad alimentaria y nutricional y su resiliencia ante el cambio climático.,15. # de personas con mayor capacidad para construir resiliencia a los efectos de cambio climático y la variabilidad ,PNF,# de nuevos planes de adaptación comunitarios refinados o de planes de reducción de riesgos. ,6390,FNS,CIND15,PNF#15,HNIND59
50 millones de personas pobres y vulnerables incrementan su seguridad alimentaria y nutricional y su resiliencia ante el cambio climático.,15. # de personas con mayor capacidad para construir resiliencia a los efectos de cambio climático y la variabilidad ,PNF,Nivel de sensibilización y comprensión de las vulnerabilidades al cambio climático y capacidades  ,119,FNS,CIND15,PNF#15,HNIND60
50 millones de personas pobres y vulnerables incrementan su seguridad alimentaria y nutricional y su resiliencia ante el cambio climático.,15. # de personas con mayor capacidad para construir resiliencia a los efectos de cambio climático y la variabilidad ,PNF,Indicador: % de implementación/ejecución de los planes de acción comunitarios ,6390,FNS,CIND15,PNF#15,HNIND61
50 millones de personas pobres y vulnerables incrementan su seguridad alimentaria y nutricional y su resiliencia ante el cambio climático.,15. # de personas con mayor capacidad para construir resiliencia a los efectos de cambio climático y la variabilidad ,PNF," # de nuevas microempresas son creadas, contribuyendo a los efectos (outcomes) de FNS&CR ",468,FNS,CIND15,PNF#15,HNIND62
50 millones de personas pobres y vulnerables incrementan su seguridad alimentaria y nutricional y su resiliencia ante el cambio climático.,"21. # y % de personas que implementan practicas/acciones que reducen la vulnerabilidad y aumentan la resiliencia, desagregado por eventos relacionados con el clima, económicos, sociales o medio-ambientales",ACS,Área con sistemas de riego y drenaje,19000,FNS,CIND21,ACS#21,HNIND63
50 millones de personas pobres y vulnerables incrementan su seguridad alimentaria y nutricional y su resiliencia ante el cambio climático.,"21. # y % de personas que implementan practicas/acciones que reducen la vulnerabilidad y aumentan la resiliencia, desagregado por eventos relacionados con el clima, económicos, sociales o medio-ambientales",ACS,Sub-proyectos agrícolas y no agrícolas implementados bajo planes de negocios,7000,FNS,CIND21,ACS#21,HNIND64
50 millones de personas pobres y vulnerables incrementan su seguridad alimentaria y nutricional y su resiliencia ante el cambio climático.,"21. # y % de personas que implementan practicas/acciones que reducen la vulnerabilidad y aumentan la resiliencia, desagregado por eventos relacionados con el clima, económicos, sociales o medio-ambientales",ACS,"Hogares con sub-proyectos de agricultura, implementados bajo planes de seguridad alimentaria",12000,FNS,CIND21,ACS#21,HNIND65
50 millones de personas pobres y vulnerables incrementan su seguridad alimentaria y nutricional y su resiliencia ante el cambio climático.,"21. # y % de personas que implementan practicas/acciones que reducen la vulnerabilidad y aumentan la resiliencia, desagregado por eventos relacionados con el clima, económicos, sociales o medio-ambientales",ACS,Productores/as que han adoptado tecnologías en agricultura promovida por el Proyecto (Cuántas son mujeres),12000,FNS,CIND21,ACS#21,HNIND66
50 millones de personas pobres y vulnerables incrementan su seguridad alimentaria y nutricional y su resiliencia ante el cambio climático.,"21. # y % de personas que implementan practicas/acciones que reducen la vulnerabilidad y aumentan la resiliencia, desagregado por eventos relacionados con el clima, económicos, sociales o medio-ambientales",ACS,Incrementado los vínculos con el mercado,8000,FNS,CIND21,ACS#21,HNIND67
50 millones de personas pobres y vulnerables incrementan su seguridad alimentaria y nutricional y su resiliencia ante el cambio climático.,"21. # y % de personas que implementan practicas/acciones que reducen la vulnerabilidad y aumentan la resiliencia, desagregado por eventos relacionados con el clima, económicos, sociales o medio-ambientales",ACS,Incrementado el auto-consumo,12000,FNS,CIND21,ACS#21,HNIND68
50 millones de personas pobres y vulnerables incrementan su seguridad alimentaria y nutricional y su resiliencia ante el cambio climático.,"21. # y % de personas que implementan practicas/acciones que reducen la vulnerabilidad y aumentan la resiliencia, desagregado por eventos relacionados con el clima, económicos, sociales o medio-ambientales",DPCO,"2. Al menos el 80% de familias beneficiarias, han implementado Buenas Practicas Agricolas para protección de sus medios de vida. ",378,FNS,CIND21,DPCO#21,HNIND69
50 millones de personas pobres y vulnerables incrementan su seguridad alimentaria y nutricional y su resiliencia ante el cambio climático.,"21. # y % de personas que implementan practicas/acciones que reducen la vulnerabilidad y aumentan la resiliencia, desagregado por eventos relacionados con el clima, económicos, sociales o medio-ambientales",PDR,"# de comites de comanejo de areas protegidas acompañados en el proceso de ejecucion de planes de manejo, operativos y especificos.",100,FNS,CIND21,PDR#21,HNIND70
50 millones de personas pobres y vulnerables incrementan su seguridad alimentaria y nutricional y su resiliencia ante el cambio climático.,"21. # y % de personas que implementan practicas/acciones que reducen la vulnerabilidad y aumentan la resiliencia, desagregado por eventos relacionados con el clima, económicos, sociales o medio-ambientales",PL,% de productores y productoras participantes del proyecto por municipio que adoptan 2 nuevas tecnologías en sus procesos productivos.,6112,FNS,CIND21,PL#21,HNIND71
50 millones de personas pobres y vulnerables incrementan su seguridad alimentaria y nutricional y su resiliencia ante el cambio climático.,"21. # y % de personas que implementan practicas/acciones que reducen la vulnerabilidad y aumentan la resiliencia, desagregado por eventos relacionados con el clima, económicos, sociales o medio-ambientales",PL,# Productores y productoras producen en sus huertos familiares utilizando sistemas de cosecha de aguas lluvia y microriego complementario en periodos de sequia. Aporta tambien al indicador 15,1248,FNS,CIND21,PL#21,HNIND72
50 millones de personas pobres y vulnerables incrementan su seguridad alimentaria y nutricional y su resiliencia ante el cambio climático.,"21. # y % de personas que implementan practicas/acciones que reducen la vulnerabilidad y aumentan la resiliencia, desagregado por eventos relacionados con el clima, económicos, sociales o medio-ambientales",PL,"# líderes comunitarios, técnicos municipales y de instancias del SINAGER con presencia en la zona, capacitados, equipados y ejerciendo labores de recolección y transmisión de información.",4694,FNS,CIND21,PL#21,HNIND73
50 millones de personas pobres y vulnerables incrementan su seguridad alimentaria y nutricional y su resiliencia ante el cambio climático.,"21. # y % de personas que implementan practicas/acciones que reducen la vulnerabilidad y aumentan la resiliencia, desagregado por eventos relacionados con el clima, económicos, sociales o medio-ambientales",PL,# hombres y mujeres productoras que reciben de manera oportuna información útil para la toma de decisiones en el campo agropecuario.,29900,FNS,CIND21,PL#21,HNIND74
50 millones de personas pobres y vulnerables incrementan su seguridad alimentaria y nutricional y su resiliencia ante el cambio climático.,"21. # y % de personas que implementan practicas/acciones que reducen la vulnerabilidad y aumentan la resiliencia, desagregado por eventos relacionados con el clima, económicos, sociales o medio-ambientales",PL,% de hogares usando estrategias de adaptación para reducir el impacto de conmociones (shocks) futuros.  ,6000,FNS,CIND21,PL#21,HNIND75
50 millones de personas pobres y vulnerables incrementan su seguridad alimentaria y nutricional y su resiliencia ante el cambio climático.,"21. # y % de personas que implementan practicas/acciones que reducen la vulnerabilidad y aumentan la resiliencia, desagregado por eventos relacionados con el clima, económicos, sociales o medio-ambientales",PNF,  % de agricultores utilizando prácticas agrícolas sustentables resilientes al clima. ,126,FNS,CIND21,PNF#21,HNIND76
50 millones de personas pobres y vulnerables incrementan su seguridad alimentaria y nutricional y su resiliencia ante el cambio climático.,"21. # y % de personas que implementan practicas/acciones que reducen la vulnerabilidad y aumentan la resiliencia, desagregado por eventos relacionados con el clima, económicos, sociales o medio-ambientales",PNF, % de agricultores accesando servicios de extensión durante los últimos 12 meses ,126,FNS,CIND21,PNF#21,HNIND77
50 millones de personas pobres y vulnerables incrementan su seguridad alimentaria y nutricional y su resiliencia ante el cambio climático.,"21. # y % de personas que implementan practicas/acciones que reducen la vulnerabilidad y aumentan la resiliencia, desagregado por eventos relacionados con el clima, económicos, sociales o medio-ambientales",PNF,%  de agricultores que han adoptado un mínimo número de prácticas de administración agrícola sustentables y de tecnologías promovidas por el programa. ,126,FNS,CIND21,PNF#21,HNIND78
50 millones de personas pobres y vulnerables incrementan su seguridad alimentaria y nutricional y su resiliencia ante el cambio climático.,"21. # y % de personas que implementan practicas/acciones que reducen la vulnerabilidad y aumentan la resiliencia, desagregado por eventos relacionados con el clima, económicos, sociales o medio-ambientales",PNF,% de hogares usando estrategias de adaptación para reducir el impacto de conmociones (shocks) futuros.  ,1236,FNS,CIND21,PNF#21,HNIND79
50 millones de personas pobres y vulnerables incrementan su seguridad alimentaria y nutricional y su resiliencia ante el cambio climático.,"21. # y % de personas que implementan practicas/acciones que reducen la vulnerabilidad y aumentan la resiliencia, desagregado por eventos relacionados con el clima, económicos, sociales o medio-ambientales",SG,# de miembros (personas y sectores representadas) del Comité Nacional de Salvaguardas que participan en la interpretación y reporte del cumplimiento de las mismas.,172,FNS,CIND21,SG#21,HNIND80
50 millones de personas pobres y vulnerables incrementan su seguridad alimentaria y nutricional y su resiliencia ante el cambio climático.,"21. # y % de personas que implementan practicas/acciones que reducen la vulnerabilidad y aumentan la resiliencia, desagregado por eventos relacionados con el clima, económicos, sociales o medio-ambientales",SG,Comité/Comisión de Salvaguardas REDD+ multisectorial funcionando y sirviendo de veedor del cumplimiento de los compromisos de país en la ENREDD+ y la ENS,172,FNS,CIND21,SG#21,HNIND81
"Resultados en Enfoques y roles CARE 2020 (Pobreza, Gobernabilidad, Igualdad de Genero, Multiplicación de Impacto, Soluciones Innovadoras)",1. % de la población debajo de la línea internacional de pobreza (indicador 1.1. de los SDGs),PDR,# de municipalidades que incrementan los ingresos corrientes y los invierten en proyectos de reduccion de la pobreza,600,ROLES,CIND1,PDR#1,HNIND82
"Resultados en Enfoques y roles CARE 2020 (Pobreza, Gobernabilidad, Igualdad de Genero, Multiplicación de Impacto, Soluciones Innovadoras)",1. % de la población debajo de la línea internacional de pobreza (indicador 1.1. de los SDGs),PNF,Índice medio de bienes ,750,ROLES,CIND1,PNF#1,HNIND83
"Resultados en Enfoques y roles CARE 2020 (Pobreza, Gobernabilidad, Igualdad de Genero, Multiplicación de Impacto, Soluciones Innovadoras)",1. % de la población debajo de la línea internacional de pobreza (indicador 1.1. de los SDGs),PNF, Índice de Salida de la Pobreza  ,230,ROLES,CIND1,PNF#1,HNIND84
"Resultados en Enfoques y roles CARE 2020 (Pobreza, Gobernabilidad, Igualdad de Genero, Multiplicación de Impacto, Soluciones Innovadoras)",19. # y % de personas de todos los generos que han participado de manera significativa en espacios de toma de decisiones formales e informales,PDR,Funcionarios municipales capacitados en gestión municipal y Desarrollo Económico Local.__,600,ROLES,CIND19,PDR#19,HNIND85
"Resultados en Enfoques y roles CARE 2020 (Pobreza, Gobernabilidad, Igualdad de Genero, Multiplicación de Impacto, Soluciones Innovadoras)",19. # y % de personas de todos los generos que han participado de manera significativa en espacios de toma de decisiones formales e informales,PDR,municipalidades han actualizado el plan de desarrollo municipal con amplia participacion de mujeres e indigenas.,600,ROLES,CIND19,PDR#19,HNIND86
"Resultados en Enfoques y roles CARE 2020 (Pobreza, Gobernabilidad, Igualdad de Genero, Multiplicación de Impacto, Soluciones Innovadoras)",19. # y % de personas de todos los generos que han participado de manera significativa en espacios de toma de decisiones formales e informales,PDR,municipalidades con presupesto participativo elaborado de manera participativa,600,ROLES,CIND19,PDR#19,HNIND87
"Resultados en Enfoques y roles CARE 2020 (Pobreza, Gobernabilidad, Igualdad de Genero, Multiplicación de Impacto, Soluciones Innovadoras)",19. # y % de personas de todos los generos que han participado de manera significativa en espacios de toma de decisiones formales e informales,PDR,# de concejos de desarrollo y mesas tematicas regionales que han recibido asesoria para incluir temas de interes de las mujeres e indigenas.,115,ROLES,CIND19,PDR#19,HNIND88
"Resultados en Enfoques y roles CARE 2020 (Pobreza, Gobernabilidad, Igualdad de Genero, Multiplicación de Impacto, Soluciones Innovadoras)",19. # y % de personas de todos los generos que han participado de manera significativa en espacios de toma de decisiones formales e informales,PNF,Índice de movilización de las mujeres ,300,ROLES,CIND19,PNF#19,HNIND89
"Resultados en Enfoques y roles CARE 2020 (Pobreza, Gobernabilidad, Igualdad de Genero, Multiplicación de Impacto, Soluciones Innovadoras)",19. # y % de personas de todos los generos que han participado de manera significativa en espacios de toma de decisiones formales e informales,PNF,"#  de reuniones entre grupos comunitarios, instituciones públicas y otras alianzas estratégicas que promueven la SAN, género o CR . ",1220,ROLES,CIND19,PNF#19,HNIND90
"Resultados en Enfoques y roles CARE 2020 (Pobreza, Gobernabilidad, Igualdad de Genero, Multiplicación de Impacto, Soluciones Innovadoras)",19. # y % de personas de todos los generos que han participado de manera significativa en espacios de toma de decisiones formales e informales,PNF,# de planes de acción comunitarios hechos/desarrollados,6390,ROLES,CIND19,PNF#19,HNIND91
"Resultados en Enfoques y roles CARE 2020 (Pobreza, Gobernabilidad, Igualdad de Genero, Multiplicación de Impacto, Soluciones Innovadoras)",19. # y % de personas de todos los generos que han participado de manera significativa en espacios de toma de decisiones formales e informales,PROLEMPA,"1100.1  % de adultos y jóvenes, indígenas o no (mujeres y hombres) con una mayor y más equitativa toma de decisiones sobre los recursos productivos y los beneficios de las pequeñas empresas.",3000,ROLES,CIND19,PROLEMPA#19,HNIND92
"Resultados en Enfoques y roles CARE 2020 (Pobreza, Gobernabilidad, Igualdad de Genero, Multiplicación de Impacto, Soluciones Innovadoras)",19. # y % de personas de todos los generos que han participado de manera significativa en espacios de toma de decisiones formales e informales,SG,Comité/Comisión de Salvaguardas REDD+ multisectorial funcionando y sirviendo de veedor del cumplimiento de los compromisos de país en la ENREDD+ y la ENS,172,ROLES,CIND19,SG#19,HNIND93
"Resultados en Enfoques y roles CARE 2020 (Pobreza, Gobernabilidad, Igualdad de Genero, Multiplicación de Impacto, Soluciones Innovadoras)","20. # de políticas, legislación, programas públicos y/o presupuestos, nuevos o mejorados, que responden a los derechos, necesidades y demandas de personas de todos los géneros",PDR,# de municipalidades que han priorizado una cadena productiva para promover el desarrollo económico local.,1160,ROLES,CIND20,PDR#20,HNIND94
"Resultados en Enfoques y roles CARE 2020 (Pobreza, Gobernabilidad, Igualdad de Genero, Multiplicación de Impacto, Soluciones Innovadoras)","20. # de políticas, legislación, programas públicos y/o presupuestos, nuevos o mejorados, que responden a los derechos, necesidades y demandas de personas de todos los géneros",PDR,# de municipalidades con Politicas publicas que benefician a las mujeres e indigenas  concertadas y socializadas en cabildo abierto,600,ROLES,CIND20,PDR#20,HNIND95
"Resultados en Enfoques y roles CARE 2020 (Pobreza, Gobernabilidad, Igualdad de Genero, Multiplicación de Impacto, Soluciones Innovadoras)","20. # de políticas, legislación, programas públicos y/o presupuestos, nuevos o mejorados, que responden a los derechos, necesidades y demandas de personas de todos los géneros",PDR,# de organizaciones de sociedad civil que se involucran en construccion de  Politicas publicas que benefician a mujeres e indigenas  concertadas y socializadas en cabildo abierto,200,ROLES,CIND20,PDR#20,HNIND96
"Resultados en Enfoques y roles CARE 2020 (Pobreza, Gobernabilidad, Igualdad de Genero, Multiplicación de Impacto, Soluciones Innovadoras)","20. # de políticas, legislación, programas públicos y/o presupuestos, nuevos o mejorados, que responden a los derechos, necesidades y demandas de personas de todos los géneros",PL,"# estrategias de atencion primarias en salud que contribuyan a Seguridad Alimentaria, AIN-C  corresponsabilidad y equidad de genero elaboradas e implememtandose.",1585,ROLES,CIND20,PL#20,HNIND97
"Resultados en Enfoques y roles CARE 2020 (Pobreza, Gobernabilidad, Igualdad de Genero, Multiplicación de Impacto, Soluciones Innovadoras)","20. # de políticas, legislación, programas públicos y/o presupuestos, nuevos o mejorados, que responden a los derechos, necesidades y demandas de personas de todos los géneros",PL,"# mecanismos de participación y instrumentos de politica a favor de seguridad alimentaria  y nutricional  construidas con participación de mujeres, con sus proyectos gestionados por si mismos para mujeres, cumpliendo con presupuesto con equidad y su plan de inversión.",1242,ROLES,CIND20,PL#20,HNIND98
"Resultados en Enfoques y roles CARE 2020 (Pobreza, Gobernabilidad, Igualdad de Genero, Multiplicación de Impacto, Soluciones Innovadoras)","20. # de políticas, legislación, programas públicos y/o presupuestos, nuevos o mejorados, que responden a los derechos, necesidades y demandas de personas de todos los géneros",PROLEMPA,"1100.2 # de políticas, normas y planes para facilitar el acceso, uso y control de los recursos productivos y financieros de mujeres, jóvenes y mujeres indígenas que viven en la pobreza",60,ROLES,CIND20,PROLEMPA#20,HNIND99
"Resultados en Enfoques y roles CARE 2020 (Pobreza, Gobernabilidad, Igualdad de Genero, Multiplicación de Impacto, Soluciones Innovadoras)","20. # de políticas, legislación, programas públicos y/o presupuestos, nuevos o mejorados, que responden a los derechos, necesidades y demandas de personas de todos los géneros",SG,# de Plan o Política Nacional incluye Salvaguardas REDD+ interpretadas para su reporte de cumplimiento,172,ROLES,CIND20,SG#20,HNIND100
"Resultados en Enfoques y roles CARE 2020 (Pobreza, Gobernabilidad, Igualdad de Genero, Multiplicación de Impacto, Soluciones Innovadoras)",23. # y % de proyectos / programas que desarrollaron innovaciones para luchar contra la pobreza e iniquidad.,PNF,# de mejores practicas del proyecto que han sido replicadas por /con instituciones públicas/ alianzas estratégicas,1020,ROLES,CIND23,PNF#23,HNIND101
"Resultados en Enfoques y roles CARE 2020 (Pobreza, Gobernabilidad, Igualdad de Genero, Multiplicación de Impacto, Soluciones Innovadoras)",24. # y % de proyectos / programas que influencian cambios en políticas.,TD,"# de políticas, planes, programas, propuestas que incorporan una mirada intercultural y responden a la  realidad específica de las mujeres indígenas y afrodescendientes que hacen trabajo del hogar, al 2020. ",210,ROLES,CIND24,TD#24,HNIND102
"Resultados en Enfoques y roles CARE 2020 (Pobreza, Gobernabilidad, Igualdad de Genero, Multiplicación de Impacto, Soluciones Innovadoras)",25. # y % de proyectos / programas que trabajas a través de alianzas estratégicas y socios para llevar soluciones efectivas a escala.,PNF,# o %   de políticas de SAN-CR/Genero implementándose actualmente por alianzas estratégicas. ,1020,ROLES,CIND25,PNF#25,HNIND103
"Resultados en Enfoques y roles CARE 2020 (Pobreza, Gobernabilidad, Igualdad de Genero, Multiplicación de Impacto, Soluciones Innovadoras)",25. # y % de proyectos / programas que trabajas a través de alianzas estratégicas y socios para llevar soluciones efectivas a escala.,PNF,# de mejores practicas del proyecto que han sido replicadas por /con instituciones públicas/ alianzas estratégicas,1020,ROLES,CIND25,PNF#25,HNIND104
"Resultados en Enfoques y roles CARE 2020 (Pobreza, Gobernabilidad, Igualdad de Genero, Multiplicación de Impacto, Soluciones Innovadoras)",25. # y % de proyectos / programas que trabajas a través de alianzas estratégicas y socios para llevar soluciones efectivas a escala.,PNF,"% del grupo de impacto que accede a los mercados de producción, para vender producción y /u otra producción durante los ultimos 12 meses. ",1236,ROLES,CIND25,PNF#25,HNIND105
"Resultados en Enfoques y roles CARE 2020 (Pobreza, Gobernabilidad, Igualdad de Genero, Multiplicación de Impacto, Soluciones Innovadoras)",25. # y % de proyectos / programas que trabajas a través de alianzas estratégicas y socios para llevar soluciones efectivas a escala.,PNF,# de acuerdos comerciales facilitado con asociaciones ,772,ROLES,CIND25,PNF#25,HNIND106
"Resultados en Enfoques y roles CARE 2020 (Pobreza, Gobernabilidad, Igualdad de Genero, Multiplicación de Impacto, Soluciones Innovadoras)",25. # y % de proyectos / programas que trabajas a través de alianzas estratégicas y socios para llevar soluciones efectivas a escala.,PROLEMPA,"1214.1 # de pequeñas empresas que han formado asociaciones público-privadas con organizaciones del sector privado para la producción y la comercialización (con Mother Parkers, UQAM, IHCAFE, ITH e INFOP, la Secretaria de Desarrollo Económico, el Centro de Desarrollo de Pequeñas Empresas, los Municipios, Cámara de Comercio y  Turismo para permitir vínculos de mercado).",450,ROLES,CIND25,PROLEMPA#25,HNIND107
